Time,<undefined>
0,1
2.00E-05,1
4.00E-05,1
6.00E-05,1
8.00E-05,1
0.0001,1
0.00012,1
0.00014,1
0.00016,1
0.00018,2
0.0002,2
0.00022,2
0.00024,1
0.00026,1
0.00028,1
0.0003,1
0.00032,1
0.00034,1
0.00036,2
0.00038,2
0.0004,2
0.00042,2
0.00044,2
0.00046,1
0.00048,1
0.0005,1
0.00052,1
0.00054,2
0.00056,2
0.00058,2
0.0006,2
0.00062,2
0.00064,2
0.00066,2
0.00068,2
0.0007,1
0.00072,2
0.00074,2
0.00076,2
0.00078,2
0.0008,2
0.00082,2
0.00084,2
0.00086,2
0.00088,2
0.0009,2
0.00092,2
0.00094,2
0.00096,2
0.00098,4
0.001,4
0.00102,4
0.00104,2
0.00106,2
0.00108,2
0.0011,2
0.00112,2
0.00114,2
0.00116,4
0.00118,4
0.0012,4
0.00122,4
0.00124,4
0.00126,2
0.00128,2
0.0013,2
0.00132,2
0.00134,4
0.00136,4
0.00138,4
0.0014,4
0.00142,4
0.00144,4
0.00146,4
0.00148,2
0.0015,2
0.00152,4
0.00154,4
0.00156,4
0.00158,4
0.0016,4
0.00162,4
0.00164,4
0.00166,4
0.00168,4
0.0017,4
0.00172,4
0.00174,4
0.00176,4
0.00178,4
0.0018,6
0.00182,4
0.00184,4
0.00186,4
0.00188,4
0.0019,4
0.00192,4
0.00194,4
0.00196,4
0.00198,6
0.002,6
0.00202,6
0.00204,4
0.00206,4
0.00208,4
0.0021,4
0.00212,4
0.00214,4
0.00216,6
0.00218,6
0.0022,6
0.00222,6
0.00224,6
0.00226,6
0.00228,4
0.0023,4
0.00232,4
0.00234,6
0.00236,6
0.00238,6
0.0024,6
0.00242,6
0.00244,6
0.00246,6
0.00248,6
0.0025,4
0.00252,6
0.00254,6
0.00256,6
0.00258,6
0.0026,6
0.00262,6
0.00264,6
0.00266,6
0.00268,6
0.0027,6
0.00272,6
0.00274,6
0.00276,6
0.00278,6
0.0028,8
0.00282,6
0.00284,6
0.00286,6
0.00288,6
0.0029,6
0.00292,6
0.00294,6
0.00296,6
0.00298,8
0.003,8
0.00302,8
0.00304,6
0.00306,6
0.00308,6
0.0031,6
0.00312,6
0.00314,6
0.00316,6
0.00318,8
0.0032,8
0.00322,8
0.00324,8
0.00326,6
0.00328,6
0.0033,6
0.00332,6
0.00334,6
0.00336,8
0.00338,8
0.0034,8
0.00342,8
0.00344,8
0.00346,6
0.00348,6
0.0035,6
0.00352,6
0.00354,6
0.00356,8
0.00358,8
0.0036,8
0.00362,8
0.00364,8
0.00366,8
0.00368,6
0.0037,6
0.00372,6
0.00374,8
0.00376,8
0.00378,8
0.0038,8
0.00382,8
0.00384,8
0.00386,8
0.00388,6
0.0039,6
0.00392,6
0.00394,8
0.00396,8
0.00398,8
0.004,8
0.00402,8
0.00404,8
0.00406,8
0.00408,8
0.0041,6
0.00412,8
0.00414,8
0.00416,8
0.00418,8
0.0042,8
0.00422,8
0.00424,8
0.00426,8
0.00428,8
0.0043,6
0.00432,8
0.00434,8
0.00436,8
0.00438,8
0.0044,8
0.00442,8
0.00444,8
0.00446,8
0.00448,8
0.0045,6
0.00452,8
0.00454,8
0.00456,8
0.00458,8
0.0046,8
0.00462,8
0.00464,8
0.00466,8
0.00468,8
0.0047,6
0.00472,8
0.00474,8
0.00476,8
0.00478,8
0.0048,8
0.00482,8
0.00484,8
0.00486,8
0.00488,8
0.0049,6
0.00492,8
0.00494,8
0.00496,8
0.00498,8
0.005,8
0.00502,8
0.00504,8
0.00506,8
0.00508,8
0.0051,6
0.00512,8
0.00514,8
0.00516,8
0.00518,8
0.0052,8
0.00522,8
0.00524,8
0.00526,8
0.00528,8
0.0053,6
0.00532,8
0.00534,8
0.00536,8
0.00538,8
0.0054,8
0.00542,8
0.00544,8
0.00546,8
0.00548,8
0.0055,6
0.00552,8
0.00554,8
0.00556,8
0.00558,8
0.0056,8
0.00562,8
0.00564,8
0.00566,8
0.00568,8
0.0057,6
0.00572,8
0.00574,8
0.00576,8
0.00578,8
0.0058,8
0.00582,8
0.00584,8
0.00586,8
0.00588,8
0.0059,6
0.00592,8
0.00594,8
0.00596,8
0.00598,8
0.006,8
0.00602,8
0.00604,8
0.00606,8
0.00608,6
0.0061,6
0.00612,6
0.00614,8
0.00616,8
0.00618,8
0.0062,8
0.00622,8
0.00624,8
0.00626,8
0.00628,6
0.0063,6
0.00632,6
0.00634,8
0.00636,8
0.00638,8
0.0064,8
0.00642,8
0.00644,8
0.00646,6
0.00648,6
0.0065,6
0.00652,6
0.00654,6
0.00656,8
0.00658,8
0.0066,8
0.00662,8
0.00664,8
0.00666,6
0.00668,6
0.0067,6
0.00672,6
0.00674,6
0.00676,8
0.00678,8
0.0068,8
0.00682,8
0.00684,6
0.00686,6
0.00688,6
0.0069,6
0.00692,6
0.00694,6
0.00696,6
0.00698,8
0.007,8
0.00702,8
0.00704,6
0.00706,6
0.00708,6
0.0071,6
0.00712,6
0.00714,6
0.00716,6
0.00718,6
0.0072,8
0.00722,6
0.00724,6
0.00726,6
0.00728,6
0.0073,6
0.00732,6
0.00734,6
0.00736,6
0.00738,6
0.0074,6
0.00742,6
0.00744,6
0.00746,6
0.00748,6
0.0075,4
0.00752,6
0.00754,6
0.00756,6
0.00758,6
0.0076,6
0.00762,6
0.00764,6
0.00766,6
0.00768,4
0.0077,4
0.00772,4
0.00774,6
0.00776,6
0.00778,6
0.0078,6
0.00782,6
0.00784,6
0.00786,4
0.00788,4
0.0079,4
0.00792,4
0.00794,4
0.00796,4
0.00798,6
0.008,6
0.00802,6
0.00804,4
0.00806,4
0.00808,4
0.0081,4
0.00812,4
0.00814,4
0.00816,4
0.00818,4
0.0082,6
0.00822,4
0.00824,4
0.00826,4
0.00828,4
0.0083,4
0.00832,4
0.00834,4
0.00836,4
0.00838,4
0.0084,4
0.00842,4
0.00844,4
0.00846,4
0.00848,4
0.0085,2
0.00852,2
0.00854,4
0.00856,4
0.00858,4
0.0086,4
0.00862,4
0.00864,4
0.00866,4
0.00868,2
0.0087,2
0.00872,2
0.00874,2
0.00876,4
0.00878,4
0.0088,4
0.00882,4
0.00884,4
0.00886,2
0.00888,2
0.0089,2
0.00892,2
0.00894,2
0.00896,2
0.00898,4
0.009,4
0.00902,4
0.00904,2
0.00906,2
0.00908,2
0.0091,2
0.00912,2
0.00914,2
0.00916,2
0.00918,2
0.0092,2
0.00922,2
0.00924,2
0.00926,2
0.00928,2
0.0093,1
0.00932,2
0.00934,2
0.00936,2
0.00938,2
0.0094,2
0.00942,2
0.00944,2
0.00946,2
0.00948,1
0.0095,1
0.00952,1
0.00954,1
0.00956,2
0.00958,2
0.0096,2
0.00962,2
0.00964,2
0.00966,1
0.00968,1
0.0097,1
0.00972,1
0.00974,1
0.00976,1
0.00978,2
0.0098,2
0.00982,2
0.00984,1
0.00986,1
0.00988,1
0.0099,1
0.00992,1
0.00994,1
0.00996,1
0.00998,1
0.01,1
0.01002,-1
0.01004,-1
0.01006,-1
0.01008,-1
0.0101,-2
0.01012,-1
0.01014,-1
0.01016,-1
0.01018,-1
0.0102,-1
0.01022,-1
0.01024,-1
0.01026,-1
0.01028,-2
0.0103,-2
0.01032,-2
0.01034,-2
0.01036,-1
0.01038,-1
0.0104,-1
0.01042,-1
0.01044,-1
0.01046,-2
0.01048,-2
0.0105,-2
0.01052,-2
0.01054,-2
0.01056,-2
0.01058,-1
0.0106,-1
0.01062,-1
0.01064,-2
0.01066,-2
0.01068,-2
0.0107,-2
0.01072,-2
0.01074,-2
0.01076,-2
0.01078,-2
0.0108,-1
0.01082,-2
0.01084,-2
0.01086,-2
0.01088,-2
0.0109,-4
0.01092,-2
0.01094,-2
0.01096,-2
0.01098,-2
0.011,-2
0.01102,-2
0.01104,-2
0.01106,-2
0.01108,-4
0.0111,-4
0.01112,-4
0.01114,-4
0.01116,-2
0.01118,-2
0.0112,-2
0.01122,-2
0.01124,-2
0.01126,-4
0.01128,-4
0.0113,-4
0.01132,-4
0.01134,-4
0.01136,-4
0.01138,-2
0.0114,-2
0.01142,-2
0.01144,-4
0.01146,-4
0.01148,-4
0.0115,-4
0.01152,-4
0.01154,-4
0.01156,-4
0.01158,-4
0.0116,-2
0.01162,-4
0.01164,-4
0.01166,-4
0.01168,-4
0.0117,-6
0.01172,-4
0.01174,-4
0.01176,-4
0.01178,-4
0.0118,-4
0.01182,-4
0.01184,-4
0.01186,-4
0.01188,-6
0.0119,-6
0.01192,-6
0.01194,-4
0.01196,-4
0.01198,-4
0.012,-4
0.01202,-4
0.01204,-4
0.01206,-6
0.01208,-6
0.0121,-6
0.01212,-6
0.01214,-6
0.01216,-4
0.01218,-4
0.0122,-4
0.01222,-4
0.01224,-4
0.01226,-6
0.01228,-6
0.0123,-6
0.01232,-6
0.01234,-6
0.01236,-6
0.01238,-4
0.0124,-4
0.01242,-4
0.01244,-6
0.01246,-6
0.01248,-6
0.0125,-6
0.01252,-6
0.01254,-6
0.01256,-6
0.01258,-6
0.0126,-4
0.01262,-6
0.01264,-6
0.01266,-6
0.01268,-6
0.0127,-8
0.01272,-6
0.01274,-6
0.01276,-6
0.01278,-6
0.0128,-6
0.01282,-6
0.01284,-6
0.01286,-6
0.01288,-6
0.0129,-8
0.01292,-6
0.01294,-6
0.01296,-6
0.01298,-6
0.013,-6
0.01302,-6
0.01304,-6
0.01306,-6
0.01308,-8
0.0131,-8
0.01312,-8
0.01314,-6
0.01316,-6
0.01318,-6
0.0132,-6
0.01322,-6
0.01324,-6
0.01326,-8
0.01328,-8
0.0133,-8
0.01332,-8
0.01334,-8
0.01336,-6
0.01338,-6
0.0134,-6
0.01342,-6
0.01344,-6
0.01346,-8
0.01348,-8
0.0135,-8
0.01352,-8
0.01354,-8
0.01356,-6
0.01358,-6
0.0136,-6
0.01362,-6
0.01364,-8
0.01366,-8
0.01368,-8
0.0137,-8
0.01372,-8
0.01374,-8
0.01376,-8
0.01378,-6
0.0138,-6
0.01382,-6
0.01384,-8
0.01386,-8
0.01388,-8
0.0139,-8
0.01392,-8
0.01394,-8
0.01396,-8
0.01398,-6
0.014,-6
0.01402,-8
0.01404,-8
0.01406,-8
0.01408,-8
0.0141,-8
0.01412,-8
0.01414,-8
0.01416,-8
0.01418,-8
0.0142,-6
0.01422,-8
0.01424,-8
0.01426,-8
0.01428,-8
0.0143,-8
0.01432,-8
0.01434,-8
0.01436,-8
0.01438,-8
0.0144,-6
0.01442,-8
0.01444,-8
0.01446,-8
0.01448,-8
0.0145,-8
0.01452,-8
0.01454,-8
0.01456,-8
0.01458,-8
0.0146,-6
0.01462,-8
0.01464,-8
0.01466,-8
0.01468,-8
0.0147,-8
0.01472,-8
0.01474,-8
0.01476,-8
0.01478,-8
0.0148,-6
0.01482,-8
0.01484,-8
0.01486,-8
0.01488,-8
0.0149,-8
0.01492,-8
0.01494,-8
0.01496,-8
0.01498,-8
0.015,-8
0.01502,-8
0.01504,-8
0.01506,-8
0.01508,-8
0.0151,-8
0.01512,-8
0.01514,-8
0.01516,-8
0.01518,-8
0.0152,-6
0.01522,-8
0.01524,-8
0.01526,-8
0.01528,-8
0.0153,-8
0.01532,-8
0.01534,-8
0.01536,-8
0.01538,-8
0.0154,-6
0.01542,-8
0.01544,-8
0.01546,-8
0.01548,-8
0.0155,-8
0.01552,-8
0.01554,-8
0.01556,-8
0.01558,-8
0.0156,-6
0.01562,-8
0.01564,-8
0.01566,-8
0.01568,-8
0.0157,-8
0.01572,-8
0.01574,-8
0.01576,-8
0.01578,-8
0.0158,-6
0.01582,-8
0.01584,-8
0.01586,-8
0.01588,-8
0.0159,-8
0.01592,-8
0.01594,-8
0.01596,-8
0.01598,-8
0.016,-6
0.01602,-6
0.01604,-8
0.01606,-8
0.01608,-8
0.0161,-8
0.01612,-8
0.01614,-8
0.01616,-8
0.01618,-6
0.0162,-6
0.01622,-6
0.01624,-8
0.01626,-8
0.01628,-8
0.0163,-8
0.01632,-8
0.01634,-8
0.01636,-8
0.01638,-6
0.0164,-6
0.01642,-6
0.01644,-6
0.01646,-8
0.01648,-8
0.0165,-8
0.01652,-8
0.01654,-8
0.01656,-6
0.01658,-6
0.0166,-6
0.01662,-6
0.01664,-6
0.01666,-8
0.01668,-8
0.0167,-8
0.01672,-8
0.01674,-8
0.01676,-6
0.01678,-6
0.0168,-6
0.01682,-6
0.01684,-6
0.01686,-6
0.01688,-8
0.0169,-8
0.01692,-8
0.01694,-6
0.01696,-6
0.01698,-6
0.017,-6
0.01702,-6
0.01704,-6
0.01706,-6
0.01708,-6
0.0171,-8
0.01712,-6
0.01714,-6
0.01716,-6
0.01718,-6
0.0172,-6
0.01722,-6
0.01724,-6
0.01726,-6
0.01728,-6
0.0173,-8
0.01732,-6
0.01734,-6
0.01736,-6
0.01738,-6
0.0174,-4
0.01742,-6
0.01744,-6
0.01746,-6
0.01748,-6
0.0175,-6
0.01752,-6
0.01754,-6
0.01756,-6
0.01758,-4
0.0176,-4
0.01762,-4
0.01764,-6
0.01766,-6
0.01768,-6
0.0177,-6
0.01772,-6
0.01774,-6
0.01776,-4
0.01778,-4
0.0178,-4
0.01782,-4
0.01784,-4
0.01786,-6
0.01788,-6
0.0179,-6
0.01792,-6
0.01794,-6
0.01796,-4
0.01798,-4
0.018,-4
0.01802,-4
0.01804,-4
0.01806,-4
0.01808,-6
0.0181,-6
0.01812,-6
0.01814,-4
0.01816,-4
0.01818,-4
0.0182,-4
0.01822,-4
0.01824,-4
0.01826,-4
0.01828,-4
0.0183,-6
0.01832,-4
0.01834,-4
0.01836,-4
0.01838,-4
0.0184,-2
0.01842,-4
0.01844,-4
0.01846,-4
0.01848,-4
0.0185,-4
0.01852,-4
0.01854,-4
0.01856,-4
0.01858,-2
0.0186,-2
0.01862,-2
0.01864,-4
0.01866,-4
0.01868,-4
0.0187,-4
0.01872,-4
0.01874,-4
0.01876,-2
0.01878,-2
0.0188,-2
0.01882,-2
0.01884,-2
0.01886,-4
0.01888,-4
0.0189,-4
0.01892,-4
0.01894,-2
0.01896,-2
0.01898,-2
0.019,-2
0.01902,-2
0.01904,-2
0.01906,-2
0.01908,-2
0.0191,-4
0.01912,-2
0.01914,-2
0.01916,-2
0.01918,-2
0.0192,-1
0.01922,-2
0.01924,-2
0.01926,-2
0.01928,-2
0.0193,-2
0.01932,-2
0.01934,-2
0.01936,-2
0.01938,-1
0.0194,-1
0.01942,-1
0.01944,-2
0.01946,-2
0.01948,-2
0.0195,-2
0.01952,-2
0.01954,-2
0.01956,-1
0.01958,-1
0.0196,-1
0.01962,-1
0.01964,-1
0.01966,-2
0.01968,-2
0.0197,-2
0.01972,-2
0.01974,-1
0.01976,-1
0.01978,-1
0.0198,-1
0.01982,-1
0.01984,-1
0.01986,-1
0.01988,-1
0.0199,-2
0.01992,-1
0.01994,-1
0.01996,-1
0.01998,-1
0.02,1
